﻿{
  "type": "FEED_DATA",
  "channel": 1,
  "data": [
    {
      "eventType": "Candle",
      "eventSymbol": "AAPL{=d}",
      "eventTime": 0,
      "eventFlags": 0,
      "index": 6802362331457126400,
      "time": 1583798400000,
      "sequence": 0,
      "count": 295506,
      "open": 69.285,
      "high": 71.61,
      "low": 67.3425,
      "close": 71.335,
      "volume": 2.8529008E8,
      "vwap": 69.4339048986947,
      "bidVolume": 1.2890588E8,
      "askVolume": 1.04999924E8,
      "impVolatility": 0.6248,
      "openInterest": 0.0
    },
    {
      "eventType": "Candle",
      "eventSymbol": "AAPL{=d}",
      "eventTime": 0,
      "eventFlags": 0,
      "index": 6801991246282752000,
      "time": 1583712000000,
      "sequence": 0,
      "count": 299231,
      "open": 65.9375,
      "high": 69.5225,
      "low": 65.75,
      "close": 66.5425,
      "volume": 2.86744832E8,
      "vwap": 67.8628914681155,
      "bidVolume": 1.33156584E8,
      "askVolume": 1.03806804E8,
      "impVolatility": 0.652,
      "openInterest": 0.0
    },
    {
      "eventType": "Candle",
      "eventSymbol": "AAPL{=d}",
      "eventTime": 0,
      "eventFlags": 0,
      "index": 6800877990759628800,
      "time": 1583452800000,
      "sequence": 0,
      "count": 229429,
      "open": 70.5,
      "high": 72.705,
      "low": 70.3075,
      "close": 72.2575,
      "volume": 2.26176984E8,
      "vwap": 71.4092552054899,
      "bidVolume": 8.9425256E7,
      "askVolume": 9.7801376E7,
      "impVolatility": 0.5699,
      "openInterest": 0.0
    },
    {
      "eventType": "Candle",
      "eventSymbol": "AAPL{=d}",
      "eventTime": 0,
      "eventFlags": 0,
      "index": 6800506905585254400,
      "time": 1583366400000,
      "sequence": 0,
      "count": 187826,
      "open": 73.88,
      "high": 74.8875,
      "low": 72.8525,
      "close": 73.23,
      "volume": 1.87572876E8,
      "vwap": 73.8605687830846,
      "bidVolume": 9.0007108E7,
      "askVolume": 6.8712624E7,
      "impVolatility": 0.5257,
      "openInterest": 0.0
    },
    {
      "eventType": "Candle",
      "eventSymbol": "AAPL{=d}",
      "eventTime": 0,
      "eventFlags": 0,
      "index": 6800135820410880000,
      "time": 1583280000000,
      "sequence": 0,
      "count": 217586,
      "open": 74.11,
      "high": 75.85,
      "low": 73.2825,
      "close": 75.685,
      "volume": 2.19178272E8,
      "vwap": 74.4903856213539,
      "bidVolume": 9.5278112E7,
      "askVolume": 8.823454E7,
      "impVolatility": 0.4292,
      "openInterest": 0.0
    },
    {
      "eventType": "Candle",
      "eventSymbol": "AAPL{=d}",
      "eventTime": 0,
      "eventFlags": 0,
      "index": 6799764735236505600,
      "time": 1583193600000,
      "sequence": 0,
      "count": 342777,
      "open": 75.9175,
      "high": 76.0,
      "low": 71.45,
      "close": 72.33,
      "volume": 3.19475408E8,
      "vwap": 73.7756834359407,
      "bidVolume": 1.22692664E8,
      "askVolume": 1.41099368E8,
      "impVolatility": 0.5148,
      "openInterest": 0.0
    },
    {
      "eventType": "Candle",
      "eventSymbol": "AAPL{=d}",
      "eventTime": 0,
      "eventFlags": 0,
      "index": 6799393650062131200,
      "time": 1583107200000,
      "sequence": 0,
      "count": 342041,
      "open": 70.57,
      "high": 75.36,
      "low": 69.43,
      "close": 74.7025,
      "volume": 3.41397356E8,
      "vwap": 71.95419322106,
      "bidVolume": 1.29004824E8,
      "askVolume": 1.52395872E8,
      "impVolatility": 0.4354,
      "openInterest": 0.0
    },
    {
      "eventType": "Candle",
      "eventSymbol": "AAPL{=d}",
      "eventTime": 0,
      "eventFlags": 0,
      "index": 6798280394539008000,
      "time": 1582848000000,
      "sequence": 0,
      "count": 451986,
      "open": 64.315,
      "high": 69.6025,
      "low": 64.0925,
      "close": 68.34,
      "volume": 4.2688492E8,
      "vwap": 66.593365606534,
      "bidVolume": 1.90791332E8,
      "askVolume": 1.55222876E8,
      "impVolatility": 0.5957,
      "openInterest": 0.0
    },
    {
      "eventType": "Candle",
      "eventSymbol": "AAPL{=d}",
      "eventTime": 0,
      "eventFlags": 0,
      "index": 6797909309364633600,
      "time": 1582761600000,
      "sequence": 0,
      "count": 322692,
      "open": 70.275,
      "high": 71.5,
      "low": 68.24,
      "close": 68.38,
      "volume": 3.20605524E8,
      "vwap": 70.0376800832696,
      "bidVolume": 1.31058136E8,
      "askVolume": 1.32942524E8,
      "impVolatility": 0.5104,
      "openInterest": 0.0
    },
    {
      "eventType": "Candle",
      "eventSymbol": "AAPL{=d}",
      "eventTime": 0,
      "eventFlags": 0,
      "index": 6797538224190259200,
      "time": 1582675200000,
      "sequence": 0,
      "count": 197319,
      "open": 71.6325,
      "high": 74.47,
      "low": 71.625,
      "close": 73.1625,
      "volume": 1.98713724E8,
      "vwap": 73.1640586912709,
      "bidVolume": 8.1853984E7,
      "askVolume": 8.3320612E7,
      "impVolatility": 0.4007,
      "openInterest": 0.0
    },
    {
      "eventType": "Candle",
      "eventSymbol": "AAPL{=d}",
      "eventTime": 0,
      "eventFlags": 0,
      "index": 6797167139015884800,
      "time": 1582588800000,
      "sequence": 0,
      "count": 229067,
      "open": 75.2375,
      "high": 75.6325,
      "low": 71.5325,
      "close": 72.02,
      "volume": 2.30673456E8,
      "vwap": 73.4952806997221,
      "bidVolume": 9.433922E7,
      "askVolume": 9.4966136E7,
      "impVolatility": 0.43,
      "openInterest": 0.0
    },
    {
      "eventType": "Candle",
      "eventSymbol": "AAPL{=d}",
      "eventTime": 0,
      "eventFlags": 0,
      "index": 6796796053841510400,
      "time": 1582502400000,
      "sequence": 0,
      "count": 210573,
      "open": 74.315,
      "high": 76.045,
      "low": 72.3075,
      "close": 74.545,
      "volume": 2.22195312E8,
      "vwap": 74.8516323478283,
      "bidVolume": 1.07276724E8,
      "askVolume": 7.5555816E7,
      "impVolatility": 0.3941,
      "openInterest": 0.0
    },
    {
      "eventType": "Candle",
      "eventSymbol": "AAPL{=d}",
      "eventTime": 0,
      "eventFlags": 0,
      "index": 6795682798318387200,
      "time": 1582243200000,
      "sequence": 0,
      "count": 123703,
      "open": 79.655,
      "high": 80.1125,
      "low": 77.625,
      "close": 78.2625,
      "volume": 1.2970566E8,
      "vwap": 78.7392991087128,
      "bidVolume": 4.9505728E7,
      "askVolume": 5.72843E7,
      "impVolatility": 0.315,
      "openInterest": 0.0
    },
    {
      "eventType": "Candle",
      "eventSymbol": "AAPL{=d}",
      "eventTime": 0,
      "eventFlags": 0,
      "index": 6795311713144012800,
      "time": 1582156800000,
      "sequence": 0,
      "count": 99511,
      "open": 80.6575,
      "high": 81.1625,
      "low": 79.5525,
      "close": 80.075,
      "volume": 1.00565956E8,
      "vwap": 80.3419448038112,
      "bidVolume": 4.269414E7,
      "askVolume": 4.2942776E7,
      "impVolatility": 0.2839,
      "openInterest": 0.0
    },
    {
      "eventType": "Candle",
      "eventSymbol": "AAPL{=d}",
      "eventTime": 0,
      "eventFlags": 0,
      "index": 6794940627969638400,
      "time": 1582070400000,
      "sequence": 0,
      "count": 82095,
      "open": 80.0,
      "high": 81.1425,
      "low": 80.0,
      "close": 80.905,
      "volume": 9.3983964E7,
      "vwap": 80.7301666745095,
      "bidVolume": 4.455232E7,
      "askVolume": 3.0992532E7,
      "impVolatility": 0.2593,
      "openInterest": 0.0
    },
    {
      "eventType": "Candle",
      "eventSymbol": "AAPL{=d}",
      "eventTime": 0,
      "eventFlags": 0,
      "index": 6794569542795264000,
      "time": 1581984000000,
      "sequence": 0,
      "count": 138503,
      "open": 78.84,
      "high": 79.9375,
      "low": 78.6525,
      "close": 79.75,
      "volume": 1.5276218E8,
      "vwap": 79.314835064929,
      "bidVolume": 6.968476E7,
      "askVolume": 5.4437504E7,
      "impVolatility": 0.2752,
      "openInterest": 0.0
    },
    {
      "eventType": "Candle",
      "eventSymbol": "AAPL{=d}",
      "eventTime": 0,
      "eventFlags": 0,
      "index": 6793085202097766400,
      "time": 1581638400000,
      "sequence": 0,
      "count": 71783,
      "open": 81.185,
      "high": 81.495,
      "low": 80.7125,
      "close": 81.2375,
      "volume": 8.0113788E7,
      "vwap": 81.1624545113533,
      "bidVolume": 3.0819452E7,
      "askVolume": 3.7362768E7,
      "impVolatility": 0.2681,
      "openInterest": 0.0
    },
    {
      "eventType": "Candle",
      "eventSymbol": "AAPL{=d}",
      "eventTime": 0,
      "eventFlags": 0,
      "index": 6792714116923392000,
      "time": 1581552000000,
      "sequence": 0,
      "count": 90205,
      "open": 81.0475,
      "high": 81.555,
      "low": 80.8375,
      "close": 81.2175,
      "volume": 9.4747568E7,
      "vwap": 81.2371643819375,
      "bidVolume": 4.3475552E7,
      "askVolume": 3.683886E7,
      "impVolatility": 0.2794,
      "openInterest": 0.0
    },
    {
      "eventType": "Candle",
      "eventSymbol": "AAPL{=d}",
      "eventTime": 0,
      "eventFlags": 0,
      "index": 6792343031749017600,
      "time": 1581465600000,
      "sequence": 0,
      "count": 100420,
      "open": 80.3675,
      "high": 81.805,
      "low": 80.3675,
      "close": 81.8,
      "volume": 1.13730292E8,
      "vwap": 81.1380985837327,
      "bidVolume": 5.2124536E7,
      "askVolume": 4.2022728E7,
      "impVolatility": 0.2846,
      "openInterest": 0.0
    },
    {
      "eventType": "Candle",
      "eventSymbol": "AAPL{=d}",
      "eventTime": 0,
      "eventFlags": 0,
      "index": 6791971946574643200,
      "time": 1581379200000,
      "sequence": 0,
      "count": 91950,
      "open": 80.9,
      "high": 80.975,
      "low": 79.6775,
      "close": 79.9025,
      "volume": 9.432312E7,
      "vwap": 80.3863956977017,
      "bidVolume": 3.6082788E7,
      "askVolume": 4.2708224E7,
      "impVolatility": 0.3038,
      "openInterest": 0.0
    },
    {
      "eventType": "Candle",
      "eventSymbol": "AAPL{=d}",
      "eventTime": 0,
      "eventFlags": 0,
      "index": 6791600861400268800,
      "time": 1581292800000,
      "sequence": 0,
      "count": 99104,
      "open": 78.545,
      "high": 80.3875,
      "low": 78.4625,
      "close": 80.3875,
      "volume": 1.0934886E8,
      "vwap": 79.7349622601141,
      "bidVolume": 4.2247356E7,
      "askVolume": 5.0860736E7,
      "impVolatility": 0.2973,
      "openInterest": 0.0
    },
    {
      "eventType": "Candle",
      "eventSymbol": "AAPL{=d}",
      "eventTime": 0,
      "eventFlags": 0,
      "index": 6790487605877145600,
      "time": 1581033600000,
      "sequence": 0,
      "count": 110806,
      "open": 80.5925,
      "high": 80.85,
      "low": 79.5,
      "close": 80.0075,
      "volume": 1.17684048E8,
      "vwap": 80.2891548819293,
      "bidVolume": 4.8022004E7,
      "askVolume": 5.149788E7,
      "impVolatility": 0.2962,
      "openInterest": 0.0
    },
    {
      "eventType": "Candle",
      "eventSymbol": "AAPL{=d}",
      "eventTime": 0,
      "eventFlags": 0,
      "index": 6790116520702771200,
      "time": 1580947200000,
      "sequence": 0,
      "count": 91650,
      "open": 80.6425,
      "high": 81.305,
      "low": 80.0662,
      "close": 81.3025,
      "volume": 1.0542554E8,
      "vwap": 80.7792738475316,
      "bidVolume": 3.7883264E7,
      "askVolume": 4.6080784E7,
      "impVolatility": 0.2697,
      "openInterest": 0.0
    },
    {
      "eventType": "Candle",
      "eventSymbol": "AAPL{=d}",
      "eventTime": 0,
      "eventFlags": 0,
      "index": 6789745435528396800,
      "time": 1580860800000,
      "sequence": 0,
      "count": 116287,
      "open": 80.88,
      "high": 81.19,
      "low": 79.7375,
      "close": 80.3625,
      "volume": 1.18826872E8,
      "vwap": 80.3969589440788,
      "bidVolume": 5.3282444E7,
      "askVolume": 4.7175688E7,
      "impVolatility": 0.2868,
      "openInterest": 0.0
    },
    {
      "eventType": "Candle",
      "eventSymbol": "AAPL{=d}",
      "eventTime": 0,
      "eventFlags": 0,
      "index": 6789374350354022400,
      "time": 1580774400000,
      "sequence": 0,
      "count": 118670,
      "open": 78.8275,
      "high": 79.91,
      "low": 78.408625,
      "close": 79.7125,
      "volume": 1.36616536E8,
      "vwap": 79.2930043160002,
      "bidVolume": 6.0229916E7,
      "askVolume": 5.1679688E7,
      "impVolatility": 0.2886,
      "openInterest": 0.0
    },
    {
      "eventType": "Candle",
      "eventSymbol": "AAPL{=d}",
      "eventTime": 0,
      "eventFlags": 0,
      "index": 6789003265179648000,
      "time": 1580688000000,
      "sequence": 0,
      "count": 167236,
      "open": 76.075,
      "high": 78.3725,
      "low": 75.555,
      "close": 77.165,
      "volume": 1.73985604E8,
      "vwap": 77.2327490303796,
      "bidVolume": 8.027018E7,
      "askVolume": 6.5800508E7,
      "impVolatility": 0.3198,
      "openInterest": 0.0
    },
    {
      "eventType": "Candle",
      "eventSymbol": "AAPL{=d}",
      "eventTime": 0,
      "eventFlags": 0,
      "index": 6787890009656524800,
      "time": 1580428800000,
      "sequence": 0,
      "count": 197045,
      "open": 80.2325,
      "high": 80.67,
      "low": 77.0725,
      "close": 77.3775,
      "volume": 1.99588384E8,
      "vwap": 78.6612535921129,
      "bidVolume": 7.87552E7,
      "askVolume": 8.5894432E7,
      "impVolatility": 0.3515,
      "openInterest": 0.0
    },
    {
      "eventType": "Candle",
      "eventSymbol": "AAPL{=d}",
      "eventTime": 0,
      "eventFlags": 0,
      "index": 6787518924482150400,
      "time": 1580342400000,
      "sequence": 0,
      "count": 120202,
      "open": 80.135875,
      "high": 81.0225,
      "low": 79.6875,
      "close": 80.9675,
      "volume": 1.26743232E8,
      "vwap": 80.4213252682952,
      "bidVolume": 5.718434E7,
      "askVolume": 4.7027152E7,
      "impVolatility": 0.2785,
      "openInterest": 0.0
    },
    {
      "eventType": "Candle",
      "eventSymbol": "AAPL{=d}",
      "eventTime": 0,
      "eventFlags": 0,
      "index": 6787147839307776000,
      "time": 1580256000000,
      "sequence": 0,
      "count": 215358,
      "open": 81.1125,
      "high": 81.9625,
      "low": 80.345,
      "close": 81.085,
      "volume": 2.16599712E8,
      "vwap": 81.3462980362873,
      "bidVolume": 9.0061156E7,
      "askVolume": 9.5770436E7,
      "impVolatility": 0.2816,
      "openInterest": 0.0
    },
    {
      "eventType": "Candle",
      "eventSymbol": "AAPL{=d}",
      "eventTime": 0,
      "eventFlags": 0,
      "index": 6786776754133401600,
      "time": 1580169600000,
      "sequence": 0,
      "count": 141923,
      "open": 78.15,
      "high": 79.6,
      "low": 78.0475,
      "close": 79.4225,
      "volume": 1.62233944E8,
      "vwap": 79.1483626542236,
      "bidVolume": 7.3709084E7,
      "askVolume": 6.3437764E7,
      "impVolatility": 0.3469,
      "openInterest": 0.0
    },
    {
      "eventType": "Candle",
      "eventSymbol": "AAPL{=d}",
      "eventTime": 0,
      "eventFlags": 0,
      "index": 6786405668959027200,
      "time": 1580083200000,
      "sequence": 0,
      "count": 148288,
      "open": 77.515,
      "high": 77.9425,
      "low": 76.22,
      "close": 77.2375,
      "volume": 1.6194002E8,
      "vwap": 77.4240960597881,
      "bidVolume": 7.5355576E7,
      "askVolume": 5.9986584E7,
      "impVolatility": 0.3783,
      "openInterest": 0.0
    },
    {
      "eventType": "Candle",
      "eventSymbol": "AAPL{=d}",
      "eventTime": 0,
      "eventFlags": 0,
      "index": 6785292413435904000,
      "time": 1579824000000,
      "sequence": 0,
      "count": 137322,
      "open": 80.0625,
      "high": 80.8325,
      "low": 79.3797,
      "close": 79.5775,
      "volume": 1.4653752E8,
      "vwap": 80.1270490453435,
      "bidVolume": 6.2160352E7,
      "askVolume": 6.3433312E7,
      "impVolatility": 0.3508,
      "openInterest": 0.0
    },
    {
      "eventType": "Candle",
      "eventSymbol": "AAPL{=d}",
      "eventTime": 0,
      "eventFlags": 0,
      "index": 6784921328261529600,
      "time": 1579737600000,
      "sequence": 0,
      "count": 85756,
      "open": 79.48,
      "high": 79.89,
      "low": 78.9125,
      "close": 79.8075,
      "volume": 1.04471972E8,
      "vwap": 79.5190446432111,
      "bidVolume": 5.2735972E7,
      "askVolume": 3.35688E7,
      "impVolatility": 0.318,
      "openInterest": 0.0
    },
    {
      "eventType": "Candle",
      "eventSymbol": "AAPL{=d}",
      "eventTime": 0,
      "eventFlags": 0,
      "index": 6784550243087155200,
      "time": 1579651200000,
      "sequence": 0,
      "count": 94725,
      "open": 79.645,
      "high": 79.9975,
      "low": 79.3275,
      "close": 79.425,
      "volume": 1.0183246E8,
      "vwap": 79.6164332518492,
      "bidVolume": 4.7499176E7,
      "askVolume": 4.1732832E7,
      "impVolatility": 0.3152,
      "openInterest": 0.0
    },
    {
      "eventType": "Candle",
      "eventSymbol": "AAPL{=d}",
      "eventTime": 0,
      "eventFlags": 0,
      "index": 6784179157912780800,
      "time": 1579564800000,
      "sequence": 0,
      "count": 87183,
      "open": 79.2975,
      "high": 79.755,
      "low": 79.0,
      "close": 79.1425,
      "volume": 1.10843256E8,
      "vwap": 79.3440399630736,
      "bidVolume": 5.4380708E7,
      "askVolume": 4.06667E7,
      "impVolatility": 0.3211,
      "openInterest": 0.0
    },
    {
      "eventType": "Candle",
      "eventSymbol": "AAPL{=d}",
      "eventTime": 0,
      "eventFlags": 0,
      "index": 6782694817215283200,
      "time": 1579219200000,
      "sequence": 0,
      "count": 108219,
      "open": 79.0675,
      "high": 79.685,
      "low": 78.75,
      "close": 79.6825,
      "volume": 1.37816468E8,
      "vwap": 79.2105544639194,
      "bidVolume": 4.5466392E7,
      "askVolume": 6.9457632E7,
      "impVolatility": 0.3155,
      "openInterest": 0.0
    },
    {
      "eventType": "Candle",
      "eventSymbol": "AAPL{=d}",
      "eventTime": 0,
      "eventFlags": 0,
      "index": 6782323732040908800,
      "time": 1579132800000,
      "sequence": 0,
      "count": 91149,
      "open": 78.3975,
      "high": 78.925,
      "low": 78.0225,
      "close": 78.81,
      "volume": 1.08829016E8,
      "vwap": 78.5439436335168,
      "bidVolume": 4.7801696E7,
      "askVolume": 4.3840604E7,
      "impVolatility": 0.3307,
      "openInterest": 0.0
    },
    {
      "eventType": "Candle",
      "eventSymbol": "AAPL{=d}",
      "eventTime": 0,
      "eventFlags": 0,
      "index": 6781952646866534400,
      "time": 1579046400000,
      "sequence": 0,
      "count": 110047,
      "open": 77.9625,
      "high": 78.875,
      "low": 77.3875,
      "close": 77.835,
      "volume": 1.21923528E8,
      "vwap": 78.265703799895,
      "bidVolume": 5.6359096E7,
      "askVolume": 4.777658E7,
      "impVolatility": 0.3474,
      "openInterest": 0.0
    },
    {
      "eventType": "Candle",
      "eventSymbol": "AAPL{=d}",
      "eventTime": 0,
      "eventFlags": 0,
      "index": 6781581561692160000,
      "time": 1578960000000,
      "sequence": 0,
      "count": 151295,
      "open": 79.175,
      "high": 79.3925,
      "low": 78.0425,
      "close": 78.17,
      "volume": 1.62613828E8,
      "vwap": 78.7302571949785,
      "bidVolume": 6.9366588E7,
      "askVolume": 7.0242028E7,
      "impVolatility": 0.3501,
      "openInterest": 0.0
    },
    {
      "eventType": "Candle",
      "eventSymbol": "AAPL{=d}",
      "eventTime": 0,
      "eventFlags": 0,
      "index": 6781210476517785600,
      "time": 1578873600000,
      "sequence": 0,
      "count": 111936,
      "open": 77.91,
      "high": 79.2675,
      "low": 77.7875,
      "close": 79.24,
      "volume": 1.22086888E8,
      "vwap": 78.3796634231802,
      "bidVolume": 5.7315256E7,
      "askVolume": 4.765008E7,
      "impVolatility": 0.342,
      "openInterest": 0.0
    },
    {
      "eventType": "Candle",
      "eventSymbol": "AAPL{=d}",
      "eventTime": 0,
      "eventFlags": 0,
      "index": 6780097220994662400,
      "time": 1578614400000,
      "sequence": 0,
      "count": 138401,
      "open": 77.65,
      "high": 78.1675,
      "low": 77.0625,
      "close": 77.5825,
      "volume": 1.40869088E8,
      "vwap": 77.683501639004,
      "bidVolume": 6.4167392E7,
      "askVolume": 5.8048128E7,
      "impVolatility": 0.3368,
      "openInterest": 0.0
    },
    {
      "eventType": "Candle",
      "eventSymbol": "AAPL{=d}",
      "eventTime": 0,
      "eventFlags": 0,
      "index": 6779726135820288000,
      "time": 1578528000000,
      "sequence": 0,
      "count": 159439,
      "open": 76.80875,
      "high": 77.6075,
      "low": 76.55,
      "close": 77.4075,
      "volume": 1.70486168E8,
      "vwap": 77.1407031271475,
      "bidVolume": 7.5696596E7,
      "askVolume": 7.277738E7,
      "impVolatility": 0.3046,
      "openInterest": 0.0
    },
    {
      "eventType": "Candle",
      "eventSymbol": "AAPL{=d}",
      "eventTime": 0,
      "eventFlags": 0,
      "index": 6779355050645913600,
      "time": 1578441600000,
      "sequence": 0,
      "count": 123506,
      "open": 74.29,
      "high": 76.109975,
      "low": 74.289,
      "close": 75.7975,
      "volume": 1.32363784E8,
      "vwap": 75.1991787133987,
      "bidVolume": 5.3894364E7,
      "askVolume": 6.106898E7,
      "impVolatility": 0.2866,
      "openInterest": 0.0
    },
    {
      "eventType": "Candle",
      "eventSymbol": "AAPL{=d}",
      "eventTime": 0,
      "eventFlags": 0,
      "index": 6778983965471539200,
      "time": 1578355200000,
      "sequence": 0,
      "count": 100384,
      "open": 74.96,
      "high": 75.225,
      "low": 74.37,
      "close": 74.5975,
      "volume": 1.1151062E8,
      "vwap": 74.7603732176048,
      "bidVolume": 4.2114656E7,
      "askVolume": 4.9942116E7,
      "impVolatility": 0.2993,
      "openInterest": 0.0
    },
    {
      "eventType": "Candle",
      "eventSymbol": "AAPL{=d}",
      "eventTime": 0,
      "eventFlags": 0,
      "index": 6778612880297164800,
      "time": 1578268800000,
      "sequence": 0,
      "count": 108297,
      "open": 73.4475,
      "high": 74.99,
      "low": 73.1875,
      "close": 74.95,
      "volume": 1.18578576E8,
      "vwap": 74.3855274225692,
      "bidVolume": 5.13544E7,
      "askVolume": 4.9682804E7,
      "impVolatility": 0.2955,
      "openInterest": 0.0
    },
    {
      "eventType": "Candle",
      "eventSymbol": "AAPL{=d}",
      "eventTime": 0,
      "eventFlags": 0,
      "index": 6777499624774041600,
      "time": 1578009600000,
      "sequence": 0,
      "count": 132792,
      "open": 74.2875,
      "high": 75.145,
      "low": 74.125,
      "close": 74.3575,
      "volume": 1.46535512E8,
      "vwap": 74.7034601500147,
      "bidVolume": 6.738644E7,
      "askVolume": 6.1071144E7,
      "impVolatility": 0.2941,
      "openInterest": 0.0
    },
    {
      "eventType": "Candle",
      "eventSymbol": "AAPL{=d}",
      "eventTime": 0,
      "eventFlags": 0,
      "index": 6777128539599667200,
      "time": 1577923200000,
      "sequence": 0,
      "count": 129055,
      "open": 74.06,
      "high": 75.15,
      "low": 73.7975,
      "close": 75.0875,
      "volume": 1.35647456E8,
      "vwap": 74.570454195632,
      "bidVolume": 6.3363108E7,
      "askVolume": 5.3762392E7,
      "impVolatility": 0.2969,
      "openInterest": 0.0
    },
    {
      "eventType": "Candle",
      "eventSymbol": "AAPL{=d}",
      "eventTime": 0,
      "eventFlags": 0,
      "index": 6776386369250918400,
      "time": 1577750400000,
      "sequence": 0,
      "count": 88566,
      "open": 72.4825,
      "high": 73.42,
      "low": 72.38,
      "close": 73.4125,
      "volume": 1.009905E8,
      "vwap": 73.070945996268,
      "bidVolume": 3.7804752E7,
      "askVolume": 5.0131728E7,
      "impVolatility": 0.2818,
      "openInterest": 0.0
    },
    {
      "eventType": "Candle",
      "eventSymbol": "AAPL{=d}",
      "eventTime": 0,
      "eventFlags": 0,
      "index": 6776015284076544000,
      "time": 1577664000000,
      "sequence": 0,
      "count": 131008,
      "open": 72.365,
      "high": 73.1725,
      "low": 71.305,
      "close": 72.88,
      "volume": 1.44238456E8,
      "vwap": 72.4335531094703,
      "bidVolume": 6.4670564E7,
      "askVolume": 5.8805612E7,
      "impVolatility": 0.288,
      "openInterest": 0.0
    },
    {
      "eventType": "Candle",
      "eventSymbol": "AAPL{=d}",
      "eventTime": 0,
      "eventFlags": 0,
      "index": 6774902028553420800,
      "time": 1577404800000,
      "sequence": 0,
      "count": 120883,
      "open": 72.78,
      "high": 73.4925,
      "low": 72.03,
      "close": 72.45,
      "volume": 1.46371744E8,
      "vwap": 72.7205812889064,
      "bidVolume": 7.2921668E7,
      "askVolume": 5.5792E7,
      "impVolatility": 0.2776,
      "openInterest": 0.0
    },
    {
      "eventType": "Candle",
      "eventSymbol": "AAPL{=d}",
      "eventTime": 0,
      "eventFlags": 0,
      "index": 6774530943379046400,
      "time": 1577318400000,
      "sequence": 0,
      "count": 79706,
      "open": 71.205,
      "high": 72.495,
      "low": 71.175,
      "close": 72.4775,
      "volume": 9.3336016E7,
      "vwap": 71.9894191674209,
      "bidVolume": 3.9445776E7,
      "askVolume": 4.1692076E7,
      "impVolatility": 0.252,
      "openInterest": 0.0
    },
    {
      "eventType": "Candle",
      "eventSymbol": "AAPL{=d}",
      "eventTime": 0,
      "eventFlags": 0,
      "index": 6773788773030297600,
      "time": 1577145600000,
      "sequence": 0,
      "count": 35271,
      "open": 71.1725,
      "high": 71.2225,
      "low": 70.729925,
      "close": 71.0675,
      "volume": 4.8478856E7,
      "vwap": 71.0264876916114,
      "bidVolume": 2.6581804E7,
      "askVolume": 1.590608E7,
      "impVolatility": 0.2352,
      "openInterest": 0.0
    },
    {
      "eventType": "Candle",
      "eventSymbol": "AAPL{=d}",
      "eventTime": 0,
      "eventFlags": 0,
      "index": 6773417687855923200,
      "time": 1577059200000,
      "sequence": 0,
      "count": 74848,
      "open": 70.1325,
      "high": 71.0625,
      "low": 70.093375,
      "close": 71.0,
      "volume": 9.8711532E7,
      "vwap": 70.7640109751898,
      "bidVolume": 3.7458612E7,
      "askVolume": 4.8697208E7,
      "impVolatility": 0.2241,
      "openInterest": 0.0
    },
    {
      "eventType": "Candle",
      "eventSymbol": "AAPL{=d}",
      "eventTime": 0,
      "eventFlags": 0,
      "index": 6772304432332800000,
      "time": 1576800000000,
      "sequence": 0,
      "count": 103898,
      "open": 70.5575,
      "high": 70.6625,
      "low": 69.64,
      "close": 69.86,
      "volume": 2.76130972E8,
      "vwap": 70.1634741938691,
      "bidVolume": 4.8920572E7,
      "askVolume": 1.36280912E8,
      "impVolatility": 0.216,
      "openInterest": 0.0
    },
    {
      "eventType": "Candle",
      "eventSymbol": "AAPL{=d}",
      "eventTime": 0,
      "eventFlags": 0,
      "index": 6771933347158425600,
      "time": 1576713600000,
      "sequence": 0,
      "count": 74267,
      "open": 69.875,
      "high": 70.295,
      "low": 69.7375,
      "close": 70.005,
      "volume": 9.8507788E7,
      "vwap": 69.9720636396008,
      "bidVolume": 5.232614E7,
      "askVolume": 2.8979912E7,
      "impVolatility": 0.2227,
      "openInterest": 0.0
    },
    {
      "eventType": "Candle",
      "eventSymbol": "AAPL{=d}",
      "eventTime": 0,
      "eventFlags": 0,
      "index": 6771562261984051200,
      "time": 1576627200000,
      "sequence": 0,
      "count": 88899,
      "open": 69.95,
      "high": 70.475,
      "low": 69.78,
      "close": 69.935,
      "volume": 1.16098748E8,
      "vwap": 70.0564303709184,
      "bidVolume": 4.6036192E7,
      "askVolume": 4.7711352E7,
      "impVolatility": 0.2165,
      "openInterest": 0.0
    },
    {
      "eventType": "Candle",
      "eventSymbol": "AAPL{=d}",
      "eventTime": 0,
      "eventFlags": 0,
      "index": 6771191176809676800,
      "time": 1576540800000,
      "sequence": 0,
      "count": 93476,
      "open": 69.8925,
      "high": 70.4425,
      "low": 69.7,
      "close": 70.1025,
      "volume": 1.14303192E8,
      "vwap": 70.1364869733507,
      "bidVolume": 5.055124E7,
      "askVolume": 4.328044E7,
      "impVolatility": 0.2147,
      "openInterest": 0.0
    },
    {
      "eventType": "Candle",
      "eventSymbol": "AAPL{=d}",
      "eventTime": 0,
      "eventFlags": 0,
      "index": 6770820091635302400,
      "time": 1576454400000,
      "sequence": 0,
      "count": 95681,
      "open": 69.25,
      "high": 70.1975,
      "low": 69.245,
      "close": 69.965,
      "volume": 1.2832442E8,
      "vwap": 69.8750670636135,
      "bidVolume": 6.1020388E7,
      "askVolume": 4.344214E7,
      "impVolatility": 0.2152,
      "openInterest": 0.0
    },
    {
      "eventType": "Candle",
      "eventSymbol": "AAPL{=d}",
      "eventTime": 0,
      "eventFlags": 0,
      "index": 6769706836112179200,
      "time": 1576195200000,
      "sequence": 0,
      "count": 125354,
      "open": 67.865,
      "high": 68.825,
      "low": 67.7325,
      "close": 68.7875,
      "volume": 1.33731224E8,
      "vwap": 68.4560103720684,
      "bidVolume": 5.9543996E7,
      "askVolume": 5.6006788E7,
      "impVolatility": 0.2004,
      "openInterest": 0.0
    },
    {
      "eventType": "Candle",
      "eventSymbol": "AAPL{=d}",
      "eventTime": 0,
      "eventFlags": 0,
      "index": 6769335750937804800,
      "time": 1576108800000,
      "sequence": 0,
      "count": 132409,
      "open": 66.945,
      "high": 68.139975,
      "low": 66.83025,
      "close": 67.865,
      "volume": 1.37748168E8,
      "vwap": 67.5325781600958,
      "bidVolume": 5.4972472E7,
      "askVolume": 6.7096996E7,
      "impVolatility": 0.2333,
      "openInterest": 0.0
    },
    {
      "eventType": "Candle",
      "eventSymbol": "AAPL{=d}",
      "eventTime": 0,
      "eventFlags": 0,
      "index": 6768964665763430400,
      "time": 1576022400000,
      "sequence": 0,
      "count": 70276,
      "open": 67.2025,
      "high": 67.775,
      "low": 67.125,
      "close": 67.6925,
      "volume": 7.8893564E7,
      "vwap": 67.5542611088707,
      "bidVolume": 3.0570428E7,
      "askVolume": 3.9081804E7,
      "impVolatility": 0.2393,
      "openInterest": 0.0
    },
    {
      "eventType": "Candle",
      "eventSymbol": "AAPL{=d}",
      "eventTime": 0,
      "eventFlags": 0,
      "index": 6768593580589056000,
      "time": 1575936000000,
      "sequence": 0,
      "count": 89600,
      "open": 67.15,
      "high": 67.5175,
      "low": 66.465,
      "close": 67.12,
      "volume": 9.0529532E7,
      "vwap": 67.1522849635609,
      "bidVolume": 4.1254612E7,
      "askVolume": 3.7169984E7,
      "impVolatility": 0.237,
      "openInterest": 0.0
    },
    {
      "eventType": "Candle",
      "eventSymbol": "AAPL{=d}",
      "eventTime": 0,
      "eventFlags": 0,
      "index": 6768222495414681600,
      "time": 1575849600000,
      "sequence": 0,
      "count": 108151,
      "open": 67.5,
      "high": 67.7,
      "low": 66.2275,
      "close": 66.73,
      "volume": 1.2873058E8,
      "vwap": 66.8394722463971,
      "bidVolume": 4.7597216E7,
      "askVolume": 6.682434E7,
      "impVolatility": 0.2481,
      "openInterest": 0.0
    },
    {
      "eventType": "Candle",
      "eventSymbol": "AAPL{=d}",
      "eventTime": 0,
      "eventFlags": 0,
      "index": 6767109239891558400,
      "time": 1575590400000,
      "sequence": 0,
      "count": 92154,
      "open": 66.87,
      "high": 67.75,
      "low": 66.825,
      "close": 67.6775,
      "volume": 1.06189972E8,
      "vwap": 67.4304795236823,
      "bidVolume": 3.8981352E7,
      "askVolume": 5.2563436E7,
      "impVolatility": 0.24,
      "openInterest": 0.0
    },
    {
      "eventType": "Candle",
      "eventSymbol": "AAPL{=d}",
      "eventTime": 0,
      "eventFlags": 0,
      "index": 6766738154717184000,
      "time": 1575504000000,
      "sequence": 0,
      "count": 68689,
      "open": 65.9475,
      "high": 66.4725,
      "low": 65.6825,
      "close": 66.395,
      "volume": 7.4645372E7,
      "vwap": 66.1293649376053,
      "bidVolume": 3.68343E7,
      "askVolume": 2.6809668E7,
      "impVolatility": 0.259,
      "openInterest": 0.0
    },
    {
      "eventType": "Candle",
      "eventSymbol": "AAPL{=d}",
      "eventTime": 0,
      "eventFlags": 0,
      "index": 6766367069542809600,
      "time": 1575417600000,
      "sequence": 0,
      "count": 63697,
      "open": 65.2675,
      "high": 65.8275,
      "low": 65.17,
      "close": 65.435,
      "volume": 6.7241552E7,
      "vwap": 65.4976683739706,
      "bidVolume": 3.1396636E7,
      "askVolume": 2.619282E7,
      "impVolatility": 0.2616,
      "openInterest": 0.0
    },
    {
      "eventType": "Candle",
      "eventSymbol": "AAPL{=d}",
      "eventTime": 0,
      "eventFlags": 0,
      "index": 6765995984368435200,
      "time": 1575331200000,
      "sequence": 0,
      "count": 111619,
      "open": 64.5775,
      "high": 64.8825,
      "low": 64.0725,
      "close": 64.8625,
      "volume": 1.17509072E8,
      "vwap": 64.5194950367985,
      "bidVolume": 5.2476844E7,
      "askVolume": 4.8296572E7,
      "impVolatility": 0.2722,
      "openInterest": 0.0
    },
    {
      "eventType": "Candle",
      "eventSymbol": "AAPL{=d}",
      "eventTime": 0,
      "eventFlags": 0,
      "index": 6765624899194060800,
      "time": 1575244800000,
      "sequence": 0,
      "count": 82857,
      "open": 66.8175,
      "high": 67.0625,
      "low": 65.8625,
      "close": 66.04,
      "volume": 9.47742E7,
      "vwap": 66.3449670700497,
      "bidVolume": 3.6682708E7,
      "askVolume": 3.9429872E7,
      "impVolatility": 0.256,
      "openInterest": 0.0
    },
    {
      "eventType": "Candle",
      "eventSymbol": "AAPL{=d}",
      "eventTime": 0,
      "eventFlags": 0,
      "index": 6764511643670937600,
      "time": 1574985600000,
      "sequence": 0,
      "count": 37202,
      "open": 66.65,
      "high": 67.0,
      "low": 66.475,
      "close": 66.8125,
      "volume": 4.6617452E7,
      "vwap": 66.8241333093366,
      "bidVolume": 1.9343076E7,
      "askVolume": 2.2840168E7,
      "impVolatility": 0.2383,
      "openInterest": 0.0
    },
    {
      "eventType": "Candle",
      "eventSymbol": "AAPL{=d}",
      "eventTime": 0,
      "eventFlags": 0,
      "index": 6763769473322188800,
      "time": 1574812800000,
      "sequence": 0,
      "count": 59599,
      "open": 66.395,
      "high": 66.995,
      "low": 66.3275,
      "close": 66.96,
      "volume": 6.5544488E7,
      "vwap": 66.6345868542432,
      "bidVolume": 2.8193976E7,
      "askVolume": 2.4747256E7,
      "impVolatility": 0.2257,
      "openInterest": 0.0
    },
    {
      "eventType": "Candle",
      "eventSymbol": "AAPL{=d}",
      "eventTime": 0,
      "eventFlags": 0,
      "index": 6763398388147814400,
      "time": 1574726400000,
      "sequence": 0,
      "count": 67173,
      "open": 66.735,
      "high": 66.79,
      "low": 65.625,
      "close": 66.0725,
      "volume": 1.05339528E8,
      "vwap": 66.391917827195,
      "bidVolume": 3.3030712E7,
      "askVolume": 5.3132956E7,
      "impVolatility": 0.2294,
      "openInterest": 0.0
    },
    {
      "eventType": "Candle",
      "eventSymbol": "AAPL{=d}",
      "eventTime": 0,
      "eventFlags": 0,
      "index": 6763027302973440000,
      "time": 1574640000000,
      "sequence": 0,
      "count": 60165,
      "open": 65.6775,
      "high": 66.61,
      "low": 65.63,
      "close": 66.5925,
      "volume": 8.4118068E7,
      "vwap": 66.3082792078701,
      "bidVolume": 3.9436908E7,
      "askVolume": 2.9558272E7,
      "impVolatility": 0.2325,
      "openInterest": 0.0
    },
    {
      "eventType": "Candle",
      "eventSymbol": "AAPL{=d}",
      "eventTime": 0,
      "eventFlags": 0,
      "index": 6761914047450316800,
      "time": 1574380800000,
      "sequence": 0,
      "count": 65412,
      "open": 65.6475,
      "high": 65.795,
      "low": 65.21,
      "close": 65.445,
      "volume": 6.5325052E7,
      "vwap": 65.4894650380653,
      "bidVolume": 3.3042304E7,
      "askVolume": 2.4519896E7,
      "impVolatility": 0.2437,
      "openInterest": 0.0
    },
    {
      "eventType": "Candle",
      "eventSymbol": "AAPL{=d}",
      "eventTime": 0,
      "eventFlags": 0,
      "index": 6761542962275942400,
      "time": 1574294400000,
      "sequence": 0,
      "count": 79475,
      "open": 65.9225,
      "high": 66.00125,
      "low": 65.295,
      "close": 65.5025,
      "volume": 1.21395112E8,
      "vwap": 65.6661463536885,
      "bidVolume": 4.6904292E7,
      "askVolume": 2.9231456E7,
      "impVolatility": 0.2615,
      "openInterest": 0.0
    },
    {
      "eventType": "Candle",
      "eventSymbol": "AAPL{=d}",
      "eventTime": 0,
      "eventFlags": 0,
      "index": 6761171877101568000,
      "time": 1574208000000,
      "sequence": 0,
      "count": 96029,
      "open": 66.385,
      "high": 66.52075,
      "low": 65.1,
      "close": 65.7975,
      "volume": 1.06439676E8,
      "vwap": 65.8475480574171,
      "bidVolume": 4.9098884E7,
      "askVolume": 3.8139612E7,
      "impVolatility": 0.2501,
      "openInterest": 0.0
    },
    {
      "eventType": "Candle",
      "eventSymbol": "AAPL{=d}",
      "eventTime": 0,
      "eventFlags": 0,
      "index": 6760800791927193600,
      "time": 1574121600000,
      "sequence": 0,
      "count": 60366,
      "open": 66.975,
      "high": 67.0,
      "low": 66.34815,
      "close": 66.5725,
      "volume": 7.6278388E7,
      "vwap": 66.6438106005138,
      "bidVolume": 2.5959424E7,
      "askVolume": 4.1399104E7,
      "impVolatility": 0.2353,
      "openInterest": 0.0
    },
    {
      "eventType": "Candle",
      "eventSymbol": "AAPL{=d}",
      "eventTime": 0,
      "eventFlags": 0,
      "index": 6760429706752819200,
      "time": 1574035200000,
      "sequence": 0,
      "count": 70550,
      "open": 66.45,
      "high": 66.8575,
      "low": 66.0575,
      "close": 66.775,
      "volume": 8.6803588E7,
      "vwap": 66.5181711271405,
      "bidVolume": 4.2185672E7,
      "askVolume": 3.0882752E7,
      "impVolatility": 0.2261,
      "openInterest": 0.0
    },
    {
      "eventType": "Candle",
      "eventSymbol": "AAPL{=d}",
      "eventTime": 0,
      "eventFlags": 0,
      "index": 6759316451229696000,
      "time": 1573776000000,
      "sequence": 0,
      "count": 85860,
      "open": 65.92,
      "high": 66.445,
      "low": 65.7525,
      "close": 66.44,
      "volume": 1.00374664E8,
      "vwap": 66.129974345021,
      "bidVolume": 3.9857668E7,
      "askVolume": 4.8792028E7,
      "impVolatility": 0.2148,
      "openInterest": 0.0
    },
    {
      "eventType": "Candle",
      "eventSymbol": "AAPL{=d}",
      "eventTime": 0,
      "eventFlags": 0,
      "index": 6758945366055321600,
      "time": 1573689600000,
      "sequence": 0,
      "count": 88438,
      "open": 65.9375,
      "high": 66.22,
      "low": 65.525,
      "close": 65.66,
      "volume": 8.9582224E7,
      "vwap": 65.8428231640074,
      "bidVolume": 3.9370376E7,
      "askVolume": 3.533532E7,
      "impVolatility": 0.2214,
      "openInterest": 0.0
    },
    {
      "eventType": "Candle",
      "eventSymbol": "AAPL{=d}",
      "eventTime": 0,
      "eventFlags": 0,
      "index": 6758574280880947200,
      "time": 1573603200000,
      "sequence": 0,
      "count": 96895,
      "open": 65.2825,
      "high": 66.195,
      "low": 65.2675,
      "close": 66.1175,
      "volume": 1.03270372E8,
      "vwap": 65.8664618414912,
      "bidVolume": 5.0225964E7,
      "askVolume": 3.9013164E7,
      "impVolatility": 0.2173,
      "openInterest": 0.0
    },
    {
      "eventType": "Candle",
      "eventSymbol": "AAPL{=d}",
      "eventTime": 0,
      "eventFlags": 0,
      "index": 6758203195706572800,
      "time": 1573516800000,
      "sequence": 0,
      "count": 78046,
      "open": 65.3875,
      "high": 65.6975,
      "low": 65.23,
      "close": 65.49,
      "volume": 8.7388904E7,
      "vwap": 65.4740452941325,
      "bidVolume": 3.5578316E7,
      "askVolume": 3.9597312E7,
      "impVolatility": 0.2115,
      "openInterest": 0.0
    },
    {
      "eventType": "Candle",
      "eventSymbol": "AAPL{=d}",
      "eventTime": 0,
      "eventFlags": 0,
      "index": 6757832110532198400,
      "time": 1573430400000,
      "sequence": 0,
      "count": 69463,
      "open": 64.575,
      "high": 65.6175,
      "low": 64.57,
      "close": 65.55,
      "volume": 8.2029836E7,
      "vwap": 65.1502052549246,
      "bidVolume": 3.65869E7,
      "askVolume": 2.8804816E7,
      "impVolatility": 0.2097,
      "openInterest": 0.0
    },
    {
      "eventType": "Candle",
      "eventSymbol": "AAPL{=d}",
      "eventTime": 0,
      "eventFlags": 0,
      "index": 6756718855009075200,
      "time": 1573171200000,
      "sequence": 0,
      "count": 62191,
      "open": 64.6725,
      "high": 65.11,
      "low": 64.2125,
      "close": 65.035,
      "volume": 7.008198E7,
      "vwap": 64.723356142843,
      "bidVolume": 3.2403096E7,
      "askVolume": 2.5365232E7,
      "impVolatility": 0.2039,
      "openInterest": 0.0
    },
    {
      "eventType": "Candle",
      "eventSymbol": "AAPL{=d}",
      "eventTime": 0,
      "eventFlags": 0,
      "index": 6756347769834700800,
      "time": 1573084800000,
      "sequence": 0,
      "count": 87399,
      "open": 64.685,
      "high": 65.0875,
      "low": 64.5275,
      "close": 64.8575,
      "volume": 9.4940332E7,
      "vwap": 64.8069831591499,
      "bidVolume": 4.1003684E7,
      "askVolume": 3.8034084E7,
      "impVolatility": 0.2165,
      "openInterest": 0.0
    },
    {
      "eventType": "Candle",
      "eventSymbol": "AAPL{=d}",
      "eventTime": 0,
      "eventFlags": 0,
      "index": 6755976684660326400,
      "time": 1572998400000,
      "sequence": 0,
      "count": 65944,
      "open": 64.1925,
      "high": 64.3725,
      "low": 63.84125,
      "close": 64.31,
      "volume": 7.5864496E7,
      "vwap": 64.1647984273329,
      "bidVolume": 3.7653584E7,
      "askVolume": 2.7017776E7,
      "impVolatility": 0.2181,
      "openInterest": 0.0
    },
    {
      "eventType": "Candle",
      "eventSymbol": "AAPL{=d}",
      "eventTime": 0,
      "eventFlags": 0,
      "index": 6755605599485952000,
      "time": 1572912000000,
      "sequence": 0,
      "count": 71057,
      "open": 64.2625,
      "high": 64.5475,
      "low": 64.08,
      "close": 64.2825,
      "volume": 7.9897708E7,
      "vwap": 64.3529937815463,
      "bidVolume": 3.0841144E7,
      "askVolume": 3.4909304E7,
      "impVolatility": 0.2328,
      "openInterest": 0.0
    },
    {
      "eventType": "Candle",
      "eventSymbol": "AAPL{=d}",
      "eventTime": 0,
      "eventFlags": 0,
      "index": 6755234514311577600,
      "time": 1572825600000,
      "sequence": 0,
      "count": 94029,
      "open": 64.3325,
      "high": 64.46125,
      "low": 63.845,
      "close": 64.375,
      "volume": 1.03271808E8,
      "vwap": 64.2332483575489,
      "bidVolume": 4.1636588E7,
      "askVolume": 4.7585468E7,
      "impVolatility": 0.2383,
      "openInterest": 0.0
    },
    {
      "eventType": "Candle",
      "eventSymbol": "AAPL{=d}",
      "eventTime": 0,
      "eventFlags": 0,
      "index": 6754121258788454400,
      "time": 1572566400000,
      "sequence": 0,
      "count": 141563,
      "open": 62.385,
      "high": 63.9825,
      "low": 62.29,
      "close": 63.955,
      "volume": 1.51125336E8,
      "vwap": 63.2606909107709,
      "bidVolume": 6.9966108E7,
      "askVolume": 6.1391504E7,
      "impVolatility": 0.2332,
      "openInterest": 0.0
    },
    {
      "eventType": "Candle",
      "eventSymbol": "AAPL{=d}",
      "eventTime": 0,
      "eventFlags": 0,
      "index": 6753750173614080000,
      "time": 1572480000000,
      "sequence": 0,
      "count": 123450,
      "open": 61.81,
      "high": 62.2925,
      "low": 59.315,
      "close": 62.19,
      "volume": 1.3916208E8,
      "vwap": 61.951368714504,
      "bidVolume": 6.2990752E7,
      "askVolume": 5.626638E7,
      "impVolatility": 0.2377,
      "openInterest": 0.0
    },
    {
      "eventType": "Candle",
      "eventSymbol": "AAPL{=d}",
      "eventTime": 0,
      "eventFlags": 0,
      "index": 6753379088439705600,
      "time": 1572393600000,
      "sequence": 0,
      "count": 124542,
      "open": 61.19,
      "high": 61.325,
      "low": 60.3025,
      "close": 60.815,
      "volume": 1.24522088E8,
      "vwap": 60.8899217145235,
      "bidVolume": 5.0957828E7,
      "askVolume": 5.3445264E7,
      "impVolatility": 0.3183,
      "openInterest": 0.0
    },
    {
      "eventType": "Candle",
      "eventSymbol": "AAPL{=d}",
      "eventTime": 0,
      "eventFlags": 0,
      "index": 6753008003265331200,
      "time": 1572307200000,
      "sequence": 0,
      "count": 129848,
      "open": 62.2425,
      "high": 62.4375,
      "low": 60.6425,
      "close": 60.8225,
      "volume": 1.42839468E8,
      "vwap": 61.2674838102953,
      "bidVolume": 6.8384868E7,
      "askVolume": 5.449026E7,
      "impVolatility": 0.3123,
      "openInterest": 0.0
    },
    {
      "eventType": "Candle",
      "eventSymbol": "AAPL{=d}",
      "eventTime": 0,
      "eventFlags": 0,
      "index": 6752636918090956800,
      "time": 1572220800000,
      "sequence": 0,
      "count": 86620,
      "open": 61.855,
      "high": 62.3125,
      "low": 61.68,
      "close": 62.2625,
      "volume": 9.6572964E7,
      "vwap": 62.0684115303523,
      "bidVolume": 4.340108E7,
      "askVolume": 3.6731596E7,
      "impVolatility": 0.289,
      "openInterest": 0.0
    },
    {
      "eventType": "Candle",
      "eventSymbol": "AAPL{=d}",
      "eventTime": 0,
      "eventFlags": 0,
      "index": 6751523662567833600,
      "time": 1571961600000,
      "sequence": 0,
      "count": 68180,
      "open": 60.79,
      "high": 61.6825,
      "low": 60.72,
      "close": 61.645,
      "volume": 7.3477184E7,
      "vwap": 61.2741451214529,
      "bidVolume": 2.9369652E7,
      "askVolume": 3.3928072E7,
      "impVolatility": 0.2813,
      "openInterest": 0.0
    },
    {
      "eventType": "Candle",
      "eventSymbol": "AAPL{=d}",
      "eventTime": 0,
      "eventFlags": 0,
      "index": 6751152577393459200,
      "time": 1571875200000,
      "sequence": 0,
      "count": 64366,
      "open": 61.1275,
      "high": 61.2,
      "low": 60.45125,
      "close": 60.895,
      "volume": 7.166502E7,
      "vwap": 60.7772626782243,
      "bidVolume": 2.7348104E7,
      "askVolume": 3.3913592E7,
      "impVolatility": 0.2844,
      "openInterest": 0.0
    },
    {
      "eventType": "Candle",
      "eventSymbol": "AAPL{=d}",
      "eventTime": 0,
      "eventFlags": 0,
      "index": 6750781492219084800,
      "time": 1571788800000,
      "sequence": 0,
      "count": 75154,
      "open": 60.525,
      "high": 60.81,
      "low": 60.305,
      "close": 60.795,
      "volume": 7.973018E7,
      "vwap": 60.6089809924774,
      "bidVolume": 3.7019312E7,
      "askVolume": 3.2786404E7,
      "impVolatility": 0.2903,
      "openInterest": 0.0
    },
    {
      "eventType": "Candle",
      "eventSymbol": "AAPL{=d}",
      "eventTime": 0,
      "eventFlags": 0,
      "index": 6750410407044710400,
      "time": 1571702400000,
      "sequence": 0,
      "count": 76641,
      "open": 60.29,
      "high": 60.55,
      "low": 59.90545,
      "close": 59.99,
      "volume": 9.0736004E7,
      "vwap": 60.2572555493947,
      "bidVolume": 3.7118196E7,
      "askVolume": 4.0344288E7,
      "impVolatility": 0.297,
      "openInterest": 0.0
    },
    {
      "eventType": "Candle",
      "eventSymbol": "AAPL{=d}",
      "eventTime": 0,
      "eventFlags": 0,
      "index": 6750039321870336000,
      "time": 1571616000000,
      "sequence": 0,
      "count": 78082,
      "open": 59.38,
      "high": 60.2475,
      "low": 59.33,
      "close": 60.1275,
      "volume": 8.9469932E7,
      "vwap": 59.9788641193949,
      "bidVolume": 4.1081708E7,
      "askVolume": 3.3599364E7,
      "impVolatility": 0.2885,
      "openInterest": 0.0
    },
    {
      "eventType": "Candle",
      "eventSymbol": "AAPL{=d}",
      "eventTime": 0,
      "eventFlags": 0,
      "index": 6748926066347212800,
      "time": 1571356800000,
      "sequence": 0,
      "count": 84256,
      "open": 58.6475,
      "high": 59.395,
      "low": 58.5725,
      "close": 59.1025,
      "volume": 9.7508664E7,
      "vwap": 58.9402649405442,
      "bidVolume": 4.112494E7,
      "askVolume": 3.7062752E7,
      "impVolatility": 0.2945,
      "openInterest": 0.0
    },
    {
      "eventType": "Candle",
      "eventSymbol": "AAPL{=d}",
      "eventTime": 0,
      "eventFlags": 0,
      "index": 6748554981172838400,
      "time": 1571270400000,
      "sequence": 0,
      "count": 65739,
      "open": 58.7725,
      "high": 59.0375,
      "low": 58.38,
      "close": 58.82,
      "volume": 6.9091588E7,
      "vwap": 58.7444969608659,
      "bidVolume": 3.2392476E7,
      "askVolume": 2.4351212E7,
      "impVolatility": 0.2863,
      "openInterest": 0.0
    },
    {
      "eventType": "Candle",
      "eventSymbol": "AAPL{=d}",
      "eventTime": 0,
      "eventFlags": 0,
      "index": 6748183895998464000,
      "time": 1571184000000,
      "sequence": 0,
      "count": 72075,
      "open": 58.3425,
      "high": 58.81,
      "low": 58.3,
      "close": 58.5925,
      "volume": 7.7146776E7,
      "vwap": 58.5478814885485,
      "bidVolume": 3.682356E7,
      "askVolume": 2.8846344E7,
      "impVolatility": 0.2942,
      "openInterest": 0.0
    }
  ]
}